domain,Category
theporndude.com,Video Streaming
1rx.io,Advertisements
a11ybar.com,Advertisements
a-ads.com,Advertisements
adclixx.net,Advertisements
ad-delivery.net,Advertisements
ad.gt,Advertisements
adpushup.com,Advertisements
adriver.ru,Advertisements
adroll.com,Advertisements
adsafeprotected.com,Advertisements
adsrvr.org,Advertisements
ads-twitter.com,Advertisements
adups.com,Advertisements
adzerk.net,Advertisements
anzuinfra.com,Advertisements
applvn.com,Advertisements
betweendigital.com,Advertisements
brainlyads.com,Advertisements
bvfront.com,Advertisements
company-target.com,Advertisements
doubleclick.net,Advertisements
exoclick.com,Advertisements
googleadservices.com,Advertisements
googlesyndication.com,Advertisements
hyprmx.com,Advertisements
infolinks.com,Advertisements
insurads.com,Advertisements
ironsrc.mobi,Advertisements
lijit.com,Advertisements
mobilefuse.com,Advertisements
mopub.com,Advertisements
mtgglobals.com,Advertisements
myqvids.com,Advertisements
openx.net,Advertisements
opoxv.com,Advertisements
outbrain.com,Advertisements
pangle-ads.com,Advertisements
pemsrv.com,Advertisements
phoenix-widget.com,Advertisements
pubnative.net,Advertisements
responservbzh.icu,Advertisements
seedtag.com,Advertisements
sexcash.com,Advertisements
smartadserver.com,Advertisements
snipermob.com,Advertisements
spotxchange.com,Advertisements
startappservice.com,Advertisements
syndicatedsearch.goog,Advertisements
taboola.com,Advertisements
tapjoyads.com,Advertisements
teads.tv,Advertisements
trafficjunky.com,Advertisements
trafficjunky.net,Advertisements
tsapphires.buzz,Advertisements
tsyndicate.com,Advertisements
wordtemplates4u.org,Advertisements
wzrkt.com,Advertisements
yengo.com,Advertisements
apidl.net,APIs
app-measurement.com,APIs
appsflyersdk.com,APIs
freeipapi.com,APIs
seeip.org,APIs
character.ai,Artificial Intelligence
chatgpt.com,Artificial Intelligence
exponea.com,Artificial Intelligence
grammarly.com,Artificial Intelligence
onetrust.com,Artificial Intelligence
openai.com,Artificial Intelligence
swiftkey.com,Artificial Intelligence
ultiverse.io,Artificial Intelligence
ibispaint.com,Arts
dailyinnovation.biz,Astrology
hint.app,Astrology
depop.com,Auctions & Marketplaces
ebay.com,Auctions & Marketplaces
mercadolibre.cl,Auctions & Marketplaces
rubrikkgroup.com,Auctions & Marketplaces
trovit.com,Auctions & Marketplaces
anchor.fm,Audio Streaming
boomplaymusic.com,Audio Streaming
deezer.com,Audio Streaming
jamendo.com,Audio Streaming
mp3skulls.cloud,Audio Streaming
mp3-skulls.com,Audio Streaming
mp3skulls.info,Audio Streaming
radiosa.org,Audio Streaming
seriezloaded.ng,Audio Streaming
spotify.com,Audio Streaming
deriv.com,Brokerage & Investing
etoro.com,Brokerage & Investing
oldmutualinvest.com,Brokerage & Investing
webull.com,Brokerage & Investing
1worldsync.com,Business
33across.com,Business
3lift.com,Business
7figureemailsystem.com,Business
abtasty.com,Business
acrobat.com,Business
adcolony.com,Business
addthis.com,Business
adingo.jp,Business
adition.com,Business
adjust.com,Business
adkernel.com,Business
admanmedia.com,Business
admedo.com,Business
admixer.net,Business
adobe.io,Business
adotmob.com,Business
adpone.com,Business
adrta.com,Business
adsafety.net,Business
adscale.de,Business
adskeeper.com,Business
adsmoloco.com,Business
adswizz.com,Business
adtelligent.com,Business
adthrive.com,Business
adups.cn,Business
adventori.com,Business
advertising.com,Business
adverty.com,Business
affec.tv,Business
afp.ai,Business
aidata.io,Business
amplitude.com,Business
amung.us,Business
aniview.com,Business
antamedia.com,Business
anythinktech.com,Business
anzu.io,Business
appier.net,Business
app.link,Business
applovin.com,Business
appnext.com,Business
appsflyer.com,Business
audiomob.com,Business
automizely-analytics.com,Business
automizely.com,Business
batmobi.net,Business
bazaarvoice.com,Business
beacons.ai,Business
bidgear.com,Business
bidmachine.io,Business
bidtheatre.com,Business
bliink.io,Business
blismedia.com,Business
bluecava.com,Business
botman.ninja,Business
branch.io,Business
brandmetrics.com,Business
braze.com,Business
braze.eu,Business
brightcove.com,Business
briskinvoicing.com,Business
buzzoola.com,Business
casalemedia.com,Business
cedexis.com,Business
chartbeat.com,Business
chartbeat.net,Business
chartboost.com,Business
chatlayer.ai,Business
chocolateplatform.com,Business
cleverwebserver.com,Business
clickagy.com,Business
clickcease.com,Business
cognitivlabs.com,Business
colossusssp.com,Business
configcat.com,Business
connatix.com,Business
connexity.net,Business
contextweb.com,Business
coralproject.net,Business
co.za,Business
cprcertificationphoenix.com,Business
crazyegg.com,Business
criteo.com,Business
criteo.net,Business
crwdcntrl.net,Business
cxense.com,Business
datafree.co,Business
datamoire.com,Business
deepintent.com,Business
demandbase.com,Business
deployads.com,Business
digitaleast.mobi,Business
disqus.com,Business
dotomi.com,Business
doubleverify.com,Business
drift.com,Business
driftt.com,Business
driver-booster-11-key.com,Business
dtscout.com,Business
dxkulture.com,Business
eagllwin.com,Business
effectivemeasure.net,Business
emxdgt.com,Business
e-planning.net,Business
eskimi.com,Business
euc-freshbots.ai,Business
evergage.com,Business
exelator.com,Business
extend.tv,Business
eyeota.net,Business
fabrik.fm,Business
fastclick.net,Business
fineboost.cn,Business
flashtalking.com,Business
flix360.com,Business
flurry.com,Business
flyadeal.com,Business
flyflair.com,Business
force.com,Business
fout.jp,Business
freshmarketer.com,Business
futurehybrid.tech,Business
fwmrm.net,Business
fyber.com,Business
gadsme.com,Business
gameanalytics.com,Business
geistm.com,Business
getclicky.com,Business
getgrass.io,Business
getnitropack.com,Business
gigya.com,Business
globalrtb.com,Business
google-analytics.com,Business
gravitec.net,Business
growthbook.io,Business
gumgum.com,Business
hbagency.ai,Business
hbagency.it,Business
heapanalytics.com,Business
helpshift.com,Business
histats.com,Business
honeypot.is,Business
hotjar.com,Business
hrcabin.com,Business
hsappstatic.net,Business
hubapi.com,Business
hubspot.com,Business
ikhokha.com,Business
iki.com,Business
indexexchange.com,Business
inmense.site,Business
inmobi.com,Business
inspectlet.com,Business
intentiq.com,Business
intuit.com,Business
investcapetown.com,Business
invoicehome.com,Business
ipidea.io,Business
ip.sb,Business
iqm.com,Business
iqzone.com,Business
irregularstripes.com,Business
izooto.com,Business
jewardmould.com,Business
jivox.com,Business
juicyads.com,Business
juicyads.me,Business
justforfans.app,Business
jwplatform.com,Business
kargo.com,Business
klaviyo.com,Business
klevu.com,Business
kochava.com,Business
konnektu.ru,Business
kueezrtb.com,Business
lacunads.com,Business
launchdarkly.com,Business
leanplum.com,Business
lemmatechnologies.com,Business
list-manage.com,Business
livechatinc.com,Business
lkqd.net,Business
lunalabs.io,Business
m3pd.com,Business
mailchimp.com,Business
marketiq.com,Business
media6degrees.com,Business
mediago.io,Business
media.net,Business
mediavine.com,Business
metadata.io,Business
mfadsrvr.com,Business
mgid.com,Business
microsoft365.com,Business
microsoft.com,Business
microsoft.net,Business
mindworks-creative.com,Business
minmaxify.com,Business
mintegral.net,Business
mixpanel.com,Business
moatads.com,Business
mobfox.com,Business
mobipromote.com,Business
moengage.com,Business
mparticle.com,Business
mrpg.com,Business
mrphome.com,Business
narrativ.com,Business
narrative.io,Business
nativendo.de,Business
newrelic.com,Business
nitrocdn.com,Business
nosto.com,Business
nrich.ai,Business
offernet.net,Business
office.com,Business
onaudience.com,Business
onelink.me,Business
onesignal.com,Business
onetag-sys.com,Business
onthe.io,Business
opamarketplace.com,Business
optimizely.com,Business
orangeclickmedia.com,Business
otm-r.com,Business
owneriq.net,Business
parsely.com,Business
peerspot.com,Business
pendo.io,Business
perfectaudience.com,Business
permutive.com,Business
phoangoa.com,Business
pippio.com,Business
playstream.media,Business
playwire.com,Business
popin.cc,Business
presage.io,Business
primis.tech,Business
privo.com,Business
profitwell.com,Business
pubcircle.ai,Business
pubmatic.com,Business
pushwoosh.com,Business
quago.io,Business
qualtrics.com,Business
quantcast.com,Business
raijigrip.com,Business
rapidspillresponse.com,Business
rayjump.com,Business
resetdigital.co,Business
resinesia.com,Business
resumedia.com,Business
rethinkad.com,Business
revenuecat.com,Business
richaudience.com,Business
rkdms.com,Business
rtbhouse.com,Business
rtbsystem.com,Business
rubiconproject.com,Business
rutarget.ru,Business
salaryexpert.com,Business
salesforce.com,Business
salesloft.com,Business
samplestemplates.org,Business
sanity.io,Business
sape.ru,Business
scorecardresearch.com,Business
securedvisit.com,Business
segment.com,Business
segment.io,Business
sentry.io,Business
sharethis.com,Business
sharethrough.com,Business
sheetstreet.com,Business
shorthand.com,Business
sift.co,Business
simpli.fi,Business
simplify.hr,Business
singular.net,Business
site.com,Business
sitescout.com,Business
siyamtrickzone.com,Business
skimresources.com,Business
slike.in,Business
smaato.net,Business
smallseotools.com,Business
smartclip.net,Business
smartlook.com,Business
smilewanted.com,Business
smrtb.com,Business
sobot.com,Business
solvvy.com,Business
sonataplatform.com,Business
sonobi.com,Business
soom.la,Business
soundcast.fm,Business
spotim.market,Business
springserve.com,Business
stackadapt.com,Business
statcounter.com,Business
stickyadstv.com,Business
st.ke,Business
streakappealmeasured.com,Business
sundaysky.com,Business
sunnbird.com,Business
superawesome.tv,Business
swrve.com,Business
system1onesource.com,Business
tagdeliver.com,Business
tapad.com,Business
tapjoy.com,Business
tapresearch.com,Business
templatehub.org,Business
themonetizr.com,Business
thisisdax.com,Business
thriftyfleet.com,Business
tidiochat.com,Business
tidio.co,Business
tinypass.com,Business
tmctool.com,Business
tmtarget.com,Business
toiimg.com,Business
tolunastart.com,Business
tongdun.net,Business
trackingplan.com,Business
trackonomics.net,Business
tradedoubler.com,Business
traefik.io,Business
transsion.com,Business
travelaudience.com,Business
treasuredata.com,Business
tribalfusion.com,Business
truffle.bid,Business
trumpexcel.com,Business
truoptik.com,Business
trustindex.io,Business
turn.com,Business
tvpixel.com,Business
tvsquared.com,Business
twibida.com,Business
tynt.com,Business
ubembed.com,Business
uidapi.com,Business
unbxd.io,Business
undertone.com,Business
unrulymedia.com,Business
useinsider.com,Business
usercentrics.eu,Business
userreport.com,Business
utraff.com,Business
vidazoo.com,Business
vidoomy.com,Business
vidyard.com,Business
viglink.com,Business
vrtcal.com,Business
vtex.com,Business
vungle.com,Business
w55c.net,Business
wayfair.com,Business
weborama.fr,Business
webpushr.com,Business
wps.com,Business
yieldmo.com,Business
yoco.com,Business
yotpo.com,Business
zemanta.com,Business
zendesk.com,Business
zeotap.com,Business
zoho.com,Business
zonos.com,Business
zopim.com,Business
2fast4buds.com,Business
growdiaries.com,Business
anitaku.so,Cartoons & Anime
anitaku.to,Cartoons & Anime
aniwave.to,Cartoons & Anime
gogoanime3.co,Cartoons & Anime
gogo-play.net,Cartoons & Anime
Domain,Category
talkie-ai.com,Chat
crisp.chat,Chat
mar6mot.com,Clothing
miladys.com,Clothing
mrp.com,Clothing
mrpmoney.com,Clothing
webtoons.com,Comic Books
aucdn.net,Content Servers
1drv.ms,Content Servers
2cdns.com,Content Servers
2mdn.net,Content Servers
3gppnetwork.org,Content Servers
4dex.io,Content Servers
4sqi.net,Content Servers
50union.com,Content Servers
6rkp1.top,Content Servers
6sc.co,Content Servers
a3cloud.net,Content Servers
aacdn.net,Content Servers
abubadu.com,Content Servers
acuityplatform.com,Content Servers
ad4m.at,Content Servers
adentifi.com,Content Servers
adexchangegate.com,Content Servers
adform.net,Content Servers
adgrx.com,Content Servers
aditms.me,Content Servers
adj.st,Content Servers
adjust.world,Content Servers
adnxs.com,Content Servers
adnxs-simple.com,Content Servers
adobedc.net,Content Servers
adobedtm.com,Content Servers
adscool.net,Content Servers
ad-score.com,Content Servers
adsensecustomsearchads.com,Content Servers
adtdp.com,Content Servers
adtidy.org,Content Servers
adtng.com,Content Servers
advatedverried.com,Content Servers
afafb.com,Content Servers
agamaevascla.top,Content Servers
ahcdn.com,Content Servers
aistekso.net,Content Servers
ajscdn.com,Content Servers
akamaihd.net,Content Servers
akamaized.net,Content Servers
al-adtech.com,Content Servers
algolia.io,Content Servers
aliapp.org,Content Servers
alicdn.com,Content Servers
aliyuncs.com,Content Servers
allawnos.com,Content Servers
altitude-arena.com,Content Servers
alwingulla.com,Content Servers
amanotes.net,Content Servers
amazon.dev,Content Servers
ambiguousafternoon.com,Content Servers
a-mo.net,Content Servers
amplience.net,Content Servers
a-m-p.xyz,Content Servers
analytics-data.io,Content Servers
analytics-sm.com,Content Servers
android-firebase.com,Content Servers
androidplatform.net,Content Servers
anicdn.stream,Content Servers
anzu-us.com,Content Servers
aoneroom.com,Content Servers
apexnews-af.com,Content Servers
apexvisibility.co,Content Servers
apiairasia.com,Content Servers
apkomega.com,Content Servers
appboycdn.com,Content Servers
appclicking.com,Content Servers
aralego.com,Content Servers
asf4f.us,Content Servers
aso1.net,Content Servers
atdmt.com,Content Servers
atomhike.com,Content Servers
audrte.com,Content Servers
aura-dsp.com,Content Servers
authorizedvault.com,Content Servers
avads.net,Content Servers
avastdns.com,Content Servers
avcdn.net,Content Servers
awsstardusttime.com,Content Servers
awxcdn.com,Content Servers
ay.delivery,Content Servers
azconfig.io,Content Servers
azqy.top,Content Servers
azureedge.net,Content Servers
b34zobxzxs73nkfxike1.cfd,Content Servers
bamgrid.com,Content Servers
bangcdn.net,Content Servers
bannerflow.net,Content Servers
bbrdbr.com,Content Servers
bd36019.com,Content Servers
bds.ms,Content Servers
berebereuolakola.com,Content Servers
bergekrish.com,Content Servers
bfmio.com,Content Servers
biananset.net,Content Servers
bidr.io,Content Servers
bingapis.com,Content Servers
bingviz.com,Content Servers
birdgesdk.com,Content Servers
bkrtx.com,Content Servers
blg-1850lb.com,Content Servers
bncloudfl.com,Content Servers
boadedshedisite.com,Content Servers
boltdns.net,Content Servers
bootstrapcdn.com,Content Servers
brand-display.com,Content Servers
brightcove.net,Content Servers
browser-intake-datadoghq.com,Content Servers
browser-intake-datadoghq.eu,Content Servers
browsiprod.com,Content Servers
btloader.com,Content Servers
bttrack.com,Content Servers
budgenetwork.com,Content Servers
bumlam.com,Content Servers
byteeffecttos-g.com,Content Servers
bytegecko-i18n.com,Content Servers
bytegoofy.com,Content Servers
byteoversea.com,Content Servers
bytogeticr.com,Content Servers
c0nnectthed0ts.com,Content Servers
carriersignal.info,Content Servers
ccgateway.net,Content Servers
cdn12.com,Content Servers
cdn13.com,Content Servers
cdn77.org,Content Servers
cdn-apple.com,Content Servers
cdnfimgs.com,Content Servers
cdninstagram.com,Content Servers
cdntechone.com,Content Servers
cdn-televzr.com,Content Servers
cedexis-radar.net,Content Servers
characterai.io,Content Servers
cheqzone.com,Content Servers
chimpstatic.com,Content Servers
cintnetworks.com,Content Servers
ckupdate.com,Content Servers
clarity.ms,Content Servers
clarium.io,Content Servers
classistatic.com,Content Servers
clevertap-prod.com,Content Servers
clmbtech.com,Content Servers
clnmde.com,Content Servers
cloudflare-dns.com,Content Servers
cloudflarestorage.com,Content Servers
cloudfrale.com,Content Servers
cloudfront.net,Content Servers
cloudfunctions.net,Content Servers
cloudimagesb.com,Content Servers
cnetstatic.com,Content Servers
cntxcdm.com,Content Servers
codefi.network,Content Servers
cohesionapps.com,Content Servers
coinfaucet.eu,Content Servers
co.kr,Content Servers
comilar-efferiff.icu,Content Servers
confiant-integrations.net,Content Servers
connextra.com,Content Servers
contentforyoucounter.top,Content Servers
contentsquare.net,Content Servers
cont.website,Content Servers
coosync.com,Content Servers
cootlogix.com,Content Servers
creative-bars1.com,Content Servers
creativecdn.com,Content Servers
creative-serving.com,Content Servers
crowd-umlaut.com,Content Servers
crrepo.com,Content Servers
csftr.com,Content Servers
ctctcdn.com,Content Servers
ctnsnet.com,Content Servers
dartsearch.net,Content Servers
datadoghq-browser-agent.com,Content Servers
datatechone.com,Content Servers
datatechonert.com,Content Servers
datocms-assets.com,Content Servers
dbankcdn.cn,Content Servers
dbankcloud.asia,Content Servers
dbankcloud.asia11,Content Servers
dbankcloud.asianull,Content Servers
dbankcloud.cn11,Content Servers
dbankcloud.cnnull,Content Servers
dbankcloud.com11,Content Servers
dbankcloud.comnull,Content Servers
dbankcloud.eu,Content Servers
dbankcloud.eu11,Content Servers
dbankcloud.eunull,Content Servers
dbankcloud.ru,Content Servers
ddos-guard.net,Content Servers
deepthoughts.space,Content Servers
defybrick.com,Content Servers
dehortaval.top,Content Servers
digitalriverws.com,Content Servers
directsle.com,Content Servers
disquscdn.com,Content Servers
dl-api.com,Content Servers
dmxleo.com,Content Servers
dnacdn.net,Content Servers
dolatiaschan.com,Content Servers
dollphoin.site,Content Servers
doppiocdn.net,Content Servers
doruffleton.com,Content Servers
dotnxdomain.net,Content Servers
dpcoptpx.com,Content Servers
driftapi.com,Content Servers
dtscdn.com,Content Servers
dtsedge.com,Content Servers
dtssrv.com,Content Servers
eacdn.com,Content Servers
ebaystatic.com,Content Servers
ebpartners.click,Content Servers
edge.apple,Content Servers
eessoong.com,Content Servers
eexsync.com,Content Servers
effulgenttempest.com,Content Servers
egami.top,Content Servers
egcdn.com,Content Servers
egcvi.com,Content Servers
emb-api.com,Content Servers
episerver.net,Content Servers
eqads.com,Content Servers
erofeb.re,Content Servers
etahub.com,Content Servers
eu-1-id5-sync.com,Content Servers
eu-3-id5-sync.com,Content Servers
eu-4-id5-sync.com,Content Servers
everestads.net,Content Servers
everesttech.net,Content Servers
exp-tas.com,Content Servers
fastly-edge.com,Content Servers
fbsbx.com,Content Servers
featuregates.org,Content Servers
feednews.com,Content Servers
ffbtas.com,Content Servers
fineboost.com,Content Servers
firwinds.site,Content Servers
fitberry.org,Content Servers
fkg.tv,Content Servers
flerap.com,Content Servers
fleraprt.com,Content Servers
flitespashka.top,Content Servers
flix360.io,Content Servers
flixcdn.com,Content Servers
flixtrial.com,Content Servers
flocdn.com,Content Servers
foldlife.net,Content Servers
forgecdn.net,Content Servers
forms.gle,Content Servers
framegas3.com,Content Servers
freshedge.net,Content Servers
freshworksapi.com,Content Servers
ftstatic.com,Content Servers
funjoobpolicester.info,Content Servers
fuseplatform.net,Content Servers
gamedock.io,Content Servers
gamegamb.com,Content Servers
game-mode.net,Content Servers
gbqofs.com,Content Servers
gemanoy.click,Content Servers
geoedge.be,Content Servers
getapiv.com,Content Servers
gfx.ms,Content Servers
ggpht.com,Content Servers
gishejuy.com,Content Servers
githubassets.com,Content Servers
gloorsie.com,Content Servers
glulive.com,Content Servers
gluops.com,Content Servers
gmxvmvptfm.com,Content Servers
gnihcacdereit.click,Content Servers
gogocdn.net,Content Servers
go-mpulse.net,Content Servers
googleapis.com,Content Servers
googleoptimize.com,Content Servers
googletagmanager.com,Content Servers
googletagservices.com,Content Servers
googleusercontent.com,Content Servers
goomaphy.com,Content Servers
gos-gsp.io,Content Servers
gov-img.site,Content Servers
gov-static.tech,Content Servers
gov.za,Content Servers
goyesplay.com,Content Servers
gravatar.com,Content Servers
grindr.mobi,Content Servers
gstatic.com,Content Servers
gvsu.cc,Content Servers
gvt1.com,Content Servers
gvt2.com,Content Servers
gvt3.com,Content Servers
gxcorner.games,Content Servers
hadronid.net,Content Servers
haobird.site,Content Servers
hauchiwu.com,Content Servers
hellay.net,Content Servers
heytapdl.com,Content Servers
heytapimg.com,Content Servers
heytapmobile.com,Content Servers
hhtt.io,Content Servers
higgsyx.com,Content Servers
highwebmedia.com,Content Servers
hisavana.com,Content Servers
hismarttv.com,Content Servers
hiyaapi.com,Content Servers
hollywoodbets.net,Content Servers
honorableland.com,Content Servers
hotjar.io,Content Servers
howlapm.com,Content Servers
hrzn-nxt.com,Content Servers
hsadspixel.net,Content Servers
hs-analytics.net,Content Servers
hs-banner.com,Content Servers
hsforms.com,Content Servers
hsleadflows.net,Content Servers
hs-scripts.com,Content Servers
httpbin.org,Content Servers
huaweifile.com,Content Servers
hubtech.live,Content Servers
hundredpercentmargin.com,Content Servers
hwccpc.com,Content Servers
i18n-pglstatp.com,Content Servers
iasds01.com,Content Servers
ib-ibi.com,Content Servers
ibytedtos.com,Content Servers
ibyteimg.com,Content Servers
icloud.com,Content Servers
icolor.app,Content Servers
id5-sync.com,Content Servers
im-apps.net,Content Servers
imcod.net,Content Servers
imghosts.com,Content Servers
imgix.video,Content Servers
impression.link,Content Servers
imrworldwide.com,Content Servers
indazn.com,Content Servers
indexww.com,Content Servers
indriverapp.com,Content Servers
infeng.site,Content Servers
ingaa.xyz,Content Servers
inmobicdn.net,Content Servers
inner-active.mobi,Content Servers
innovelabs.com,Content Servers
insvr.com,Content Servers
intercomcdn.eu,Content Servers
intergi.com,Content Servers
intergient.com,Content Servers
intuitcdn.net,Content Servers
ipredictive.com,Content Servers
iprom.net,Content Servers
ipstatp.com,Content Servers
isnssdk.com,Content Servers
isprog.com,Content Servers
iteldrive.com,Content Servers
ivitrack.com,Content Servers
iymedia.me,Content Servers
jackpotworld.org,Content Servers
jc-gs.com,Content Servers
jouteetu.net,Content Servers
joyful-u.vip,Content Servers
jsdelivr.net,Content Servers
jsdelivr.plus,Content Servers
jsmsat.com,Content Servers
js-start.com,Content Servers
jw-cdn.org,Content Servers
jwpcdn.com,Content Servers
jwpltx.com,Content Servers
kadserv2.icu,Content Servers
ketchcdn.com,Content Servers
ketchjs.com,Content Servers
kickoffo.site,Content Servers
kidozplayer.com,Content Servers
kingsoft-office-service.com,Content Servers
klangoo.com,Content Servers
krxd.net,Content Servers
ksearchnet.com,Content Servers
ksmobile.com,Content Servers
ktkjmp.com,Content Servers
kwai-pro.com,Content Servers
kwcdn.com,Content Servers
ladsp.com,Content Servers
letsraiseit.link,Content Servers
liadm.com,Content Servers
licdn.com,Content Servers
liftoff-creatives.io,Content Servers
likevertising.com,Content Servers
linksynergy.com,Content Servers
litix.io,Content Servers
littlecdn.com,Content Servers
liveadexchanger.com,Content Servers
livekit.cloud,Content Servers
live.net,Content Servers
llnwi.net,Content Servers
loagoshy.net,Content Servers
loopme.me,Content Servers
ltmsphrcl.net,Content Servers
ltwebstatic.com,Content Servers
ludokingapi.com,Content Servers
lunamedia.live,Content Servers
lwadm.com,Content Servers
marketingcloudapis.com,Content Servers
marketo.net,Content Servers
mczbf.com,Content Servers
mdakky.com,Content Servers
mdhv.io,Content Servers
media-amazon.com,Content Servers
meeff.com,Content Servers
micpn.com,Content Servers
midasplayer.cloud,Content Servers
mi-img.com,Content Servers
minutemedia-prebid.com,Content Servers
ml314.com,Content Servers
ml-attr.com,Content Servers
mmcdn.com,Content Servers
mmstat.com,Content Servers
mnaspm.com,Content Servers
moatpixel.com,Content Servers
mobileadexchange.net,Content Servers
monetate.net,Content Servers
mookie1.com,Content Servers
moonoafy.net,Content Servers
movcloud.net,Content Servers
mply.io,Content Servers
msauth.net,Content Servers
msecnd.net,Content Servers
msedge.net,Content Servers
msftauth.net,Content Servers
msftconnecttest.com,Content Servers
msftstatic.com,Content Servers
msgamestudios.com,Content Servers
mv321519e.site,Content Servers
mv34a1235.site,Content Servers
mxmcdn.net,Content Servers
mxptint.net,Content Servers
myappcdn.com,Content Servers
myfastcdn.com,Content Servers
myfidevs.io,Content Servers
myhuaweicloud.com,Content Servers
mykonf.com,Content Servers
mylinksearches.com,Content Servers
myperfect2give.com,Content Servers
native-track.com,Content Servers
nel.goog,Content Servers
nelreports.net,Content Servers
net.in,Content Servers
news-cdn.site,Content Servers
news-global.cloud,Content Servers
newton.pw,Content Servers
nextmillmedia.com,Content Servers
nflxso.net,Content Servers
nitroscripts.com,Content Servers
nlos.net,Content Servers
novatechz.dev,Content Servers
nr-data.net,Content Servers
nxt-psh.com,Content Servers
offerimage.com,Content Servers
office.net,Content Servers
offpichuan.com,Content Servers
ofklefkian.com,Content Servers
oleads.com,Content Servers
omappapi.com,Content Servers
omnitagjs.com,Content Servers
omtrdc.net,Content Servers
onegameslink.com,Content Servers
onetrust.io,Content Servers
online-metrix.net,Content Servers
oovvuu.media,Content Servers
opendsp.ru,Content Servers
openxcdn.net,Content Servers
opera-api2.com,Content Servers
opera.software,Content Servers
opmnstr.com,Content Servers
optimalpeople.fr,Content Servers
oracleoutsourcing.com,Content Servers
orbsrv.com,Content Servers
ortb.net,Content Servers
o-s.io,Content Servers
ospserver.net,Content Servers
outbrainimg.com,Content Servers
ovi.com,Content Servers
pages03.net,Content Servers
palm.tech,Content Servers
pangle-b.io,Content Servers
pangle.io,Content Servers
papizedromon.life,Content Servers
parastorage.com,Content Servers
passport.net,Content Servers
peoplefungames.com,Content Servers
perabianco.com,Content Servers
pghub.io,Content Servers
phncdn.com,Content Servers
phtbth-upload.com,Content Servers
phumpauk.com,Content Servers
playablefactory.app,Content Servers
playfabapi.com,Content Servers
pncloudfl.com,Content Servers
polarcdn-terrax.com,Content Servers
pollllop.com,Content Servers
postrelease.com,Content Servers
powerpushsell.site,Content Servers
prfct.co,Content Servers
privacy-center.org,Content Servers
privacy-mgmt.com,Content Servers
privacysandboxservices.com,Content Servers
prmutv.co,Content Servers
projone.net,Content Servers
psaukroatch.com,Content Servers
ptudoalistoy.net,Content Servers
ptwmstcnt.com,Content Servers
pubmine.com,Content Servers
puchophosurvey.space,Content Servers
punyplant.com,Content Servers
px-cloud.net,Content Servers
quantcount.com,Content Servers
quantserve.com,Content Servers
rapidbidding.com,Content Servers
rdtcdn.com,Content Servers
realsrv.com,Content Servers
realuniverse24.com,Content Servers
reasonsecurity.com,Content Servers
recaptcha.net,Content Servers
red-cdn.com,Content Servers
redd.it,Content Servers
redditstatic.com,Content Servers
redtiger.cash,Content Servers
redventures.io,Content Servers
ressaymonstives.com,Content Servers
returnyoutubedislikeapi.com,Content Servers
rfihub.com,Content Servers
rlcdn.com,Content Servers
roastoup.com,Content Servers
rofdedrawrofx.com,Content Servers
rqmob.com,Content Servers
rqtrk.eu,Content Servers
rtactivate.com,Content Servers
rtblab.net,Content Servers
saasexch.com,Content Servers
saawsedge.com,Content Servers
sacdnssedge.com,Content Servers
sail-horizon.com,Content Servers
sail-personalize.com,Content Servers
samqaicongen.com,Content Servers
samsungcloud.com,Content Servers
samsungconsent.com,Content Servers
samsung-dict.com,Content Servers
samsungdm.com,Content Servers
samsung-gamelauncher.com,Content Servers
samsunggeopush.com,Content Servers
samsungknowledge.com,Content Servers
samsungmilkradio.com,Content Servers
samsungosp.com,Content Servers
samsungrs.com,Content Servers
sascdn.com,Content Servers
saygames.io,Content Servers
sb-cd.com,Content Servers
sc-cdn.net,Content Servers
scdn.co,Content Servers
scene7.com,Content Servers
scopely.io,Content Servers
sc-prod.net,Content Servers
script.ac,Content Servers
sc-static.net,Content Servers
scyecacked.top,Content Servers
seadform.net,Content Servers
secb2b.com,Content Servers
sec-tunnel.com,Content Servers
semasio.net,Content Servers
sendgrid.net,Content Servers
sentry-cdn.com,Content Servers
servenobid.com,Content Servers
serving-sys.com,Content Servers
sesnopser.net,Content Servers
sfstatic.net,Content Servers
sftcdn.net,Content Servers
sgdn.io,Content Servers
sgsnssdk.com,Content Servers
shalltry.com,Content Servers
sharseegeg.com,Content Servers
shaumtol.com,Content Servers
shb-sync.com,Content Servers
shopifycdn.net,Content Servers
shopifysvc.com,Content Servers
shownpentol.top,Content Servers
shtranssion.com,Content Servers
silvergloria.com,Content Servers
siteimproveanalytics.io,Content Servers
smartlook.cloud,Content Servers
smartraffic.net,Content Servers
s-microsoft.com,Content Servers
s-msn.com,Content Servers
sng.link,Content Servers
socdm.com,Content Servers
soflopxl.com,Content Servers
s-onetag.com,Content Servers
songslover.me,Content Servers
spotifycdn.com,Content Servers
squarespace-cdn.com,Content Servers
sr7pv7n5x.com,Content Servers
sremrofsnart.com,Content Servers
srmdata-us.com,Content Servers
ssacdn.com,Content Servers
ssl-images-amazon.com,Content Servers
ssm.codes,Content Servers
sszqdpx.xyz,Content Servers
stardustgod.com,Content Servers
stardusttime.com,Content Servers
starnxdomain.net,Content Servers
statsigapi.net,Content Servers
steamserver.net,Content Servers
steamstatic.com,Content Servers
stgcdn.com,Content Servers
storygize.net,Content Servers
streamtheworld.com,Content Servers
stripe.network,Content Servers
strpst.com,Content Servers
suprclicks.com,Content Servers
svc.ms,Content Servers
swypeconnect.com,Content Servers
sybo.net,Content Servers
taxismaned.top,Content Servers
technoratimedia.com,Content Servers
telephony.goog,Content Servers
testr1.com,Content Servers
tf4srv.com,Content Servers
thecatmachine.com,Content Servers
theonesstoodtheirground.com,Content Servers
thrtle.com,Content Servers
thubanoa.com,Content Servers
tiktokcdn.com,Content Servers
tiktokcdn-eu.com,Content Servers
tiktokcdn-us.com,Content Servers
tiqcdn.com,Content Servers
tnapps.xyz,Content Servers
tnt-ea.com,Content Servers
tokyo-cdn.com,Content Servers
toobm8.com,Content Servers
trackedlink.net,Content Servers
transacme.com,Content Servers
tr-boost.com,Content Servers
tremorhub.com,Content Servers
trkcliq.com,Content Servers
trknext.com,Content Servers
truecallerstatic.com,Content Servers
trx-hub.com,Content Servers
tsdtocl.com,Content Servers
ts-tracker.me,Content Servers
ttpsdk.info,Content Servers
ttwstatic.com,Content Servers
tuanguwen.com,Content Servers
tuding.xyz,Content Servers
tvid.in,Content Servers
twimg.com,Content Servers
typekit.net,Content Servers
tzegilo.com,Content Servers
udmserve.net,Content Servers
ujscdn.com,Content Servers
ungothoritator.com,Content Servers
unibotscdn.com,Content Servers
unity3dusercontent.com,Content Servers
unpkg.com,Content Servers
usco1621-b.com,Content Servers
usemessages.com,Content Servers
vaicore.store,Content Servers
vcmdiawe.com,Content Servers
veepteero.com,Content Servers
vidaahub.com,Content Servers
videoclips-app.com,Content Servers
viewyentreat.guru,Content Servers
viicentr.com,Content Servers
viiyfatr.com,Content Servers
viiyopqa.com,Content Servers
viki.io,Content Servers
vikiplatform.com,Content Servers
vimeocdn.com,Content Servers
vipanicdn.net,Content Servers
vishavideo.com,Content Servers
voxzer.org,Content Servers
vuolobnhqb.com,Content Servers
walter-larence.com,Content Servers
waust.at,Content Servers
wbd.ms,Content Servers
wbidder311072023.com,Content Servers
wbidder3.com,Content Servers
wboptim.online,Content Servers
weatherfx.com,Content Servers
webvisor.com,Content Servers
wetransfer.net,Content Servers
whiteboard.ms,Content Servers
whouseem.com,Content Servers
whyillitic.top,Content Servers
withbuddies.com,Content Servers
wixmp.com,Content Servers
wixstatic.com,Content Servers
wmgtr.com,Content Servers
wmptcd.com,Content Servers
wonkiwonki.com,Content Servers
wpscdn.com,Content Servers
wshareit.com,Content Servers
w-x.co,Content Servers
x2tsa.com,Content Servers
xboxab.com,Content Servers
xboxservices.com,Content Servers
xfinfr.com,Content Servers
xlivrdr.com,Content Servers
xszpuvwr7.com,Content Servers
yandexadexchange.net,Content Servers
yeahwhoneverbackeddown.com,Content Servers
yellowblue.io,Content Servers
yieldlab.net,Content Servers
yimg.com,Content Servers
yimg.jp,Content Servers
y-medialink.com,Content Servers
ymmobi.com,Content Servers
yourwebbars.com,Content Servers
youstarsbuilding.com,Content Servers
youversionapi.com,Content Servers
yoygatwo.net,Content Servers
ytimg.com,Content Servers
yzcdn.cn,Content Servers
zbrjtstrclnm.com,Content Servers
zdassets.com,Content Servers
zencdn.net,Content Servers
zenkube.com,Content Servers
zipalong.tech,Content Servers
zi-scripts.com,Content Servers
zohocdn.com,Content Servers
zohostatic.com,Content Servers
1voucher.io,Coupons
rakuten.com,Coupons
binance.com,Cryptocurrency
kraken.com,Cryptocurrency
luno.com,Cryptocurrency
phantom.app,Cryptocurrency
souluapp.com,Dating & Relationships
506.io,Ecommerce
9tez.online,Ecommerce
ad-stir.com,Ecommerce
amazon.com,Ecommerce
amazon.es,Ecommerce
bash.com,Ecommerce
brothersmake.com,Ecommerce
ck-ie.com,Ecommerce
digikey.com,Ecommerce
ebayimg.com,Ecommerce
etsy.com,Ecommerce
fandango.com,Ecommerce
globalinterpark.com,Ecommerce
interpark.com,Ecommerce
ispsupplies.com,Ecommerce
mediamarkt.es,Ecommerce
myshopify.com,Ecommerce
myvdomain.com,Ecommerce
nebula.to,Ecommerce
oceanworks.co,Ecommerce
otto.de,Ecommerce
pa1mstore.com,Ecommerce
palmst0re.com,Ecommerce
shop.app,Ecommerce
shopifycdn.com,Ecommerce
shopify.com,Ecommerce
shoppies.jp,Ecommerce
takealot.com,Ecommerce
temu.com,Ecommerce
updatestar.com,Ecommerce
vtexassets.com,Ecommerce
world-style.sk,Ecommerce
alipayobjects.com,Economy & Finance
fletch.co,Economy & Finance
pumpx.io,Economy & Finance
coursera.org,Education
digibizhub.com,Education
examples.com,Education
freeplrdownloads.com,Education
longmabook.com,Education
mamasmagicalquests.site,Education
nethcdn.com,Education
sciencing.com,Education
siyavula.com,Education
study.com,Education
wattpad.com,Education
wikimedia.org,Education
wikipedia.org,Education
mindset.africa,Educational Institutions
siyamtrick.zone,Educational Institutions
amazingbaby.info,Entertainment
capetownablaze.com,Entertainment
dautruongtoanhoc.net,Entertainment
diggfun.co,Entertainment
freedomservicestation.com,Entertainment
identity-mag.com,Entertainment
marcustheatres.com,Entertainment
rottentomatoes.com,Entertainment
ted.com,Entertainment
toei-animation-usa.com,Entertainment
mrpsport.com,Fashion
swatchseries.mx,Fashion
bitlord.com,File Sharing
bitlordsearch.com,File Sharing
8degreethemes.com,File Sharing
a9bfed0818.nl,File Sharing
appisgreat.com,File Sharing
axonix.com,File Sharing
clean.gg,File Sharing
freepikcompany.com,File Sharing
googledrive.com,File Sharing
hicloud.com,File Sharing
iili.io,File Sharing
imsdks.com,File Sharing
junglefrog.com,File Sharing
k2s.cc,File Sharing
mcloud.bz,File Sharing
miniclippt.com,File Sharing
mxplay.com,File Sharing
netnaijafiles.xyz,File Sharing
nolimitcdn.com,File Sharing
nolimitcity.com,File Sharing
onedrive.com,File Sharing
rabbitstream.net,File Sharing
sampletemplates.com,File Sharing
sfx.ms,File Sharing
sharepoint.com,File Sharing
upstream.to,File Sharing
vertex42.com,File Sharing
vid142.site,File Sharing
we.tl,File Sharing
wetransfer.com,File Sharing
yts.mx,File Sharing
byte-app.com,Food & Drink
foodreli.com,Food & Drink
heyfoodpro.com,Food & Drink
leannebrown.com,Food & Drink
liptonteas.com,Food & Drink
msg4-u.com,Food & Drink
android-hilfe.de,Forums
assertcom.de,Forums
modthesims.info,Forums
period-calendar.com,Forums
quoracdn.net,Forums
quora.com,Forums
reddit.com,Forums
redditmedia.com,Forums
steamcommunity.com,Forums
testfreaks.com,Forums
betwayafrica.com,Gaming
gmgamingsystems.com,Gaming
ratedwap.com,Gaming
100520.com,Gaming
ahagamecenter.com,Gaming
ajay.app,Gaming
behindthevoiceactors.com,Gaming
blackout.barcelona,Gaming
bluestacks.com,Gaming
bubadu.com,Gaming
budgestudios.ca,Gaming
cloudcell.com,Gaming
cloudedge.info,Gaming
curseforge.com,Gaming
deepthoughts.online,Gaming
ea.com,Gaming
evo-games.com,Gaming
gameloft.com,Gaming
gx.games,Gaming
hollywoodbets.com,Gaming
homagames.com,Gaming
king.com,Gaming
leap-gaming.com,Gaming
liteapks.com,Gaming
matr1x.io,Gaming
mobilegamestats.com,Gaming
mobilityware.com,Gaming
mobirix.com,Gaming
modthesims2.com,Gaming
now.gg,Gaming
outfit7.com,Gaming
peoplefun.com,Gaming
playabets.click,Gaming
playgendary.com,Gaming
play.google,Gaming
playrix.com,Gaming
playstation.net,Gaming
playtika.com,Gaming
pragmaticplay.net,Gaming
roblox.com,Gaming
sgn.com,Gaming
spribegaming.com,Gaming
steamcharts.com,Gaming
steampowered.com,Gaming
supersonicads.com,Gaming
tap-nation.io,Gaming
tenjin.io,Gaming
tinyco.com,Gaming
tutotoons.com,Gaming
unity3d.com,Gaming
v-mate.mobi,Gaming
watchsomuch.tv,Gaming
wemod.com,Gaming
xboxlive.com,Gaming
xter.io,Gaming
yesplay.bet,Gaming
youxi567.com,Gaming
zynga.com,Gaming
cookielaw.org,Government/Legal
ftpub.net,Government/Legal
lawinsider.com,Government/Legal
ntp.org,Government/Legal
sportradarserving.com,Government/Legal
colgate.com,Health & Fitness
drdustin.bio,Health & Fitness
ezhealth.app,Health & Fitness
higgsweb.com,Health & Fitness
leap.app,Health & Fitness
owhealth.com,Health & Fitness
rezync.com,Health & Fitness
samsunghealth.com,Health & Fitness
canva.com,Hobbies & Interests
fontawesome.com,Hobbies & Interests
fortawesome.com,Hobbies & Interests
happycolorapp.com,Hobbies & Interests
imgix.net,Hobbies & Interests
katecrochetvanity.com,Hobbies & Interests
samsung.com,Home & Garden
aggdata.com,Information Security
agkn.com,Information Security
arkoselabs.com,Information Security
auth0.com,Information Security
cloudi45.com,Information Security
comodoca.com,Information Security
comodo.com,Information Security
cookiebot.com,Information Security
iesnare.com,Information Security
linkdesks.net,Information Security
mathtag.com,Information Security
mimecast.com,Information Security
pk910324e.com,Information Security
rtmark.net,Information Security
securebrowser.com,Information Security
secwarex.io,Information Security
siteimproveanalytics.com,Information Security
t7cp4fldl.com,Information Security
trusteer.com,Information Security
adblockplus.org,Information Technology
ampproject.net,Information Technology
ampproject.org,Information Technology
apple.com,Information Technology
bitmoji.com,Information Technology
botframework.com,Information Technology
cambiumnetworks.com,Information Technology
ccleaner.com,Information Technology
crashlytics.com,Information Technology
dns.google,Information Technology
dvdvideosoft.com,Information Technology
finda.net,Information Technology
genyt.net,Information Technology
github.io,Information Technology
googlezip.net,Information Technology
iobit.com,Information Technology
ip234.in,Information Technology
ipip.net,Information Technology
j2inter.com,Information Technology
jwplayer.com,Information Technology
mapbox.com,Information Technology
mi.com,Information Technology
minitool.com,Information Technology
mo.biz,Information Technology
mts.ru,Information Technology
mv35df500.site,Information Technology
mzstatic.com,Information Technology
ne.jp,Information Technology
nxedge.io,Information Technology
ojalagrels.com,Information Technology
openstreetmap.org,Information Technology
pastebin.com,Information Technology
plyr.io,Information Technology
quad9.net,Information Technology
responsivevoice.org,Information Technology
savefrom.net,Information Technology
shinystat.com,Information Technology
speedtest.net,Information Technology
splayer.dev,Information Technology
squarespace.com,Information Technology
ssyoutube.com,Information Technology
t-mobile.com,Information Technology
vidon.site,Information Technology
visualstudio.com,Information Technology
vodafone.com,Information Technology
voe.sx,Information Technology
web.app,Information Technology
whatismyipaddress.com,Information Technology
windows.com,Information Technology
winzip.com,Information Technology
wordpress.com,Information Technology
w.org,Information Technology
wp.com,Information Technology
xiaomi.net,Information Technology
ytddownloader.com,Information Technology
discordapp.com,Instant Messengers
line.me,Instant Messengers
messenger.com,Instant Messengers
skype.com,Instant Messengers
tawk.to,Instant Messengers
telegram.org,Instant Messengers
t.me,Instant Messengers
wa.me,Instant Messengers
whatsapp.com,Instant Messengers
whatsapp.net,Instant Messengers
best-jobs-online.com,Job Search & Careers
cvwizard.com,Job Search & Careers
indeed.com,Job Search & Careers
monster.com,Job Search & Careers
newjobs.com,Job Search & Careers
nexxt.com,Job Search & Careers
superfunplay.com,Kids
grindr.com,Lifestyle
adsolutely.com,Login Screens
adsource.tech,Login Screens
boldapps.net,Login Screens
ceeheesa.com,Login Screens
cpacrack.com,Login Screens
deltadna.net,Login Screens
ed-space.net,Login Screens
flixcar.com,Login Screens
flixfacts.com,Login Screens
infoslipscloud.com,Login Screens
instana.io,Login Screens
mbks.io,Login Screens
mediavoice.com,Login Screens
pro-market.net,Login Screens
quantum4you.com,Login Screens
toponadss.com,Login Screens
billboard.com,Magazines
futurecdn.net,Magazines
herbeauty.co,Magazines
medium.com,Magazines
prorateer.com,Magazines
amunfezanttor.com,Malicious
arvigorothan.com,Malicious
barscreative1.com,Malicious
celebnewsuggestions.com,Malicious
idmcrackeys.com,Malicious
imghst-de.com,Malicious
rmhfrtnd.com,Malicious
sctclick2.com,Malicious
aesopicmalchus.com,Malicious
beckfaster.com,Malicious
bidlab.ai,Malicious
bladessweepunprofessional.com,Malicious
chryfilets.top,Malicious
cleanpromaster.online,Malicious
cypresslocum.com,Malicious
grandpashortestmislead.com,Malicious
gravyponder.com,Malicious
gservicev1.com,Malicious
capaciousdrewreligion.com,Malicious
downstairsnegotiatebarren.com,Malicious
driedanswerprotestant.com,Malicious
everestop.io,Malicious
exactsag.com,Malicious
pogothere.xyz,Malicious
proftrafficcounter.com,Malicious
trknex.com,Malicious
unseenreport.com,Malicious
usefulcontentsites.com,Malicious
yonmewon.com,Malicious
ampfeed.com,Miscellaneous
goojara.to,Movies
0123movie.net,Movies
123moviesfree.net,Movies
dramaboxdb.com,Movies
flixster.com,Movies
fzmovies.live,Movies
fzstudios.app,Movies
genyt.com,Movies
hotstar.com,Movies
imdb.com,Movies
media-imdb.com,Movies
mmchoicehaving.com,Movies
mobiletvshows.site,Movies
nbcuni.com,Movies
netflix.com,Movies
nflxvideo.net,Movies
themoviedb.org,Movies
watchsomuch.to,Movies
watchsomuchtorrents.com,Movies
watchsomuch.vip,Movies
fakazahub.com,Music
genius.com,Music
junglesvibes1.net,Music
larkplayerapp.com,Music
long.tv,Music
musixmatch.com,Music
webrad.io,Music
weezermusica.com,Music
wondacool.com,Music
yousician.com,Music
mubasher.info,News & Media
sabcnews.com,News & Media
24.com,News & Media
accuweather.com,News & Media
androidcentral.com,News & Media
arabianbusiness.com,News & Media
chinaz.com,News & Media
cnet.com,News & Media
dailypositiveinfo.com,News & Media
disk.ng,News & Media
enca.com,News & Media
idealmedia.io,News & Media
indiatimes.com,News & Media
interstitial-07.com,News & Media
msn.com,News & Media
naver.com,News & Media
navercorp.com,News & Media
netwerk24.com,News & Media
news24.com,News & Media
oann.com,News & Media
opera-api.com,News & Media
qq.com,News & Media
rg.ru,News & Media
scooper.news,News & Media
shopapps.site,News & Media
taboolanews.com,News & Media
thesouthafrican.com,News & Media
thestartmagazine.com,News & Media
unity.cn,News & Media
weathercn.com,News & Media
weather.com,News & Media
yahoo.com,News & Media
yahoo.net,News & Media
yandex.net,News & Media
yandex.ru,News & Media
1td.eu,News & Media
cdnpk.net,News & Media
couldmisspell.com,News & Media
elixarco.com,News & Media
faintestlogic.com,News & Media
farmanimalplays.com,News & Media
freepik.com,News & Media
istockphoto.com,News & Media
patriotaffluent.com,News & Media
pbterra.com,News & Media
seatslaurelblemish.com,News & Media
sprungboats.com,News & Media
trulysuitedcharges.com,News & Media
unsplash.com,News & Media
vandalismundermineshock.com,News & Media
cameesse.net,No Content
e2ertt.com,No Content
mowell.tech,No Content
mrtnsvr.com,No Content
notix.io,No Content
nwodhcuot.pm,No Content
px-cdn.net,No Content
repeekooz.com,No Content
rndskittytor.com,No Content
tidyllama.com,No Content
babybus.com,Parenting
blogspot.com,Personal Blogs
brainberries.co,Personal Blogs
divxland.org,Personal Blogs
drinkfood.info,Personal Blogs
ganhandorendaonline.com,Personal Blogs
goo.gl,Personal Blogs
iimg.in,Personal Blogs
lightwidget.com,Personal Blogs
snapinsta.app,Personal Blogs
technofizi.net,Personal Blogs
thefahadhanif.com,Personal Blogs
thejeepdiva.com,Personal Blogs
worldtravelling.com,Personal Blogs
alipay.com,Personal Finance
finchoice.mobi,Personal Finance
mygateglobal.com,Personal Finance
payjustnow.com,Personal Finance
paypal.com,Personal Finance
purchasely.io,Personal Finance
stripe.com,Personal Finance
todaysfintechnews.com,Personal Finance
trackmytarget.com,Personal Finance
petmd.com,Pets
rover.com,Pets
imageshack.com,Photography
imgur.com,Photography
inston.ltd,Photography
peakpx.com,Photography
pexels.com,Photography
pinimg.com,Photography
pin.it,Photography
pinterest.com,Photography
postimg.cc,Photography
shutterstock.com,Photography
snapchat.com,Photography
wallpaperaccess.com,Photography
wallpapers.com,Photography
goodnet.org,"Politics, Advocacy, and Government-Related"
graduway.com,"Politics, Advocacy, and Government-Related"
vfsglobal.com,"Politics, Advocacy, and Government-Related"
linkedin.com,Professional Networking
truecaller.com,Professional Networking
newtoxic.com,Questionable Activities
immoafrica.net,Real Estate
longtermlettings.com,Real Estate
prop24.com,Real Estate
property24.com,Real Estate
britannica.com,Reference
ehowcdn.com,Reference
mapcarta.com,Reference
seekley.com,Reference
virtualearth.net,Reference
wikihow.com,Reference
wordtemplates.org,Reference
worldhistory.org,Reference
worldtimeapi.org,Reference
focus.org,Religion & Spirituality
kjvbiblenow.com,Religion & Spirituality
baidu.com,Search Engines
bing.com,Search Engines
bing.net,Search Engines
customsearch.ai,Search Engines
czaraptitude.com,Search Engines
duckduckgo.com,Search Engines
estimatedrick.com,Search Engines
favoes.com,Search Engines
foolishjunction.com,Search Engines
foursquare.com,Search Engines
google.cn,Search Engines
google.com,Search Engines
google.ru,Search Engines
google.us,Search Engines
googlevideo.com,Search Engines
joblittle.net,Search Engines
profitablegatecpm.com,Search Engines
supremepresumptuous.com,Search Engines
tenor.co,Search Engines
tenor.com,Search Engines
withgoogle.com,Search Engines
yandex.com,Search Engines
naturalcycles.com,Sex Education
avastbrowser.com,Shareware/Freeware
ayoba.me,Shareware/Freeware
brave.com,Shareware/Freeware
bugsnag.com,Shareware/Freeware
dailyweather.pro,Shareware/Freeware
esp.info,Shareware/Freeware
lenovomm.com,Shareware/Freeware
lens.google,Shareware/Freeware
liftoff.io,Shareware/Freeware
mozilla.com,Shareware/Freeware
mp3juice.day,Shareware/Freeware
operacdn.com,Shareware/Freeware
palmplaystore.com,Shareware/Freeware
shazam.com,Shareware/Freeware
softonic.com,Shareware/Freeware
strut.fit,Shareware/Freeware
televzr.com,Shareware/Freeware
tutoads.tv,Shareware/Freeware
unibots.in,Shareware/Freeware
viload.org,Shareware/Freeware
zenmxapps.com,Shareware/Freeware
blendedshopping.com,Shopping
fortunable.com,Shopping
mrp.bz,Shopping
qualaroo.com,Shopping
kruise.ng,Social Networks
facebook.com,Social Networks
facebook.net,Social Networks
fbcdn.net,Social Networks
fb.com,Social Networks
fb.me,Social Networks
fbpigeon.com,Social Networks
instagram.com,Social Networks
ko-fi.com,Social Networks
nextdoor.com,Social Networks
pscp.tv,Social Networks
t.co,Social Networks
tiktok.com,Social Networks
tiktokv.com,Social Networks
twitter.com,Social Networks
x.com,Social Networks
apps-imiconnect.io,Sports
share33.com,Sports
sportradar.com,Sports
surfing-waves.com,Sports
zlink3.com,Sports
360yield.com,Technology
8x8.vc,Technology
acint.net,Technology
addtoany.com,Technology
adobe.com,Technology
adobelogin.com,Technology
amazonaws.com,Technology
a-mx.com,Technology
appcenter.ms,Technology
app-goal.com,Technology
appspot.com,Technology
appurse.com,Technology
arcgis.com,Technology
avast.com,Technology
azure.com,Technology
azure.net,Technology
azurewebsites.net,Technology
b-cdn.net,Technology
bembed.net,Technology
bidswitch.net,Technology
bluekai.com,Technology
calendly.com,Technology
carlcare.com,Technology
chenzhongtech.com,Technology
cloudflare.com,Technology
cloudflareinsights.com,Technology
coloros.com,Technology
connectad.io,Technology
contentful.com,Technology
cootek.com,Technology
corel.com,Technology
datadoghq.com,Technology
datadome.co,Technology
dbankcdn.com,Technology
dbankcloud.cn,Technology
dbankcloud.com,Technology
dealroom.co,Technology
demdex.net,Technology
dutils.com,Technology
dynatrace.com,Technology
ead.me,Technology
eamobile.com,Technology
embedv.net,Technology
erne.co,Technology
e-volution.ai,Technology
firebaseio.com,Technology
flmngr.com,Technology
footprintdns.com,Technology
freshchat.com,Technology
fullstory.com,Technology
galaxy.eco,Technology
geetest.com,Technology
geniex.com,Technology
getpocket.com,Technology
giphy.com,Technology
github.com,Technology
githubusercontent.com,Technology
gtp.fyi,Technology
here.com,Technology
herokuapp.com,Technology
heroku.com,Technology
heytapmobi.com,Technology
hihonorcloud.com,Technology
htcsense.com,Technology
huawei.com,Technology
in-app.io,Technology
infura.io,Technology
intercomcdn.com,Technology
intercom.com,Technology
intercom.io,Technology
intoverse.co,Technology
ipapi.co,Technology
ip-api.com,Technology
ip-api.io,Technology
ipify.org,Technology
ipinfo.io,Technology
isappcloud.com,Technology
itel-life.com,Technology
jellyfin.org,Technology
jquery.com,Technology
kakao.com,Technology
keplr.app,Technology
kidoz.net,Technology
krushmedia.com,Technology
laravel.com,Technology
leadconnectorhq.com,Technology
learnings.ai,Technology
live.com,Technology
mcafee.com,Technology
mediatek.com,Technology
microsoftonline.com,Technology
miui.com,Technology
mobshark.net,Technology
monect.com,Technology
monetizr.com,Technology
mozilla.net,Technology
mozilla.org,Technology
mypurecloud.com,Technology
neoncleaner.com,Technology
nexx360.io,Technology
nvidia.com,Technology
office365.com,Technology
ogury.co,Technology
onenote.net,Technology
opensignal.com,Technology
openwebtorrent.com,Technology
opera.com,Technology
opera-mini.net,Technology
oraclecloud.com,Technology
privacymanager.io,Technology
pusher.com,Technology
pushnami.com,Technology
qcloud.com,Technology
rfelements.com,Technology
rotech.dev,Technology
sabre.com,Technology
safedk.com,Technology
samsungapps.com,Technology
samsungdive.com,Technology
samsunggsl.com,Technology
samsungpositioning.com,Technology
sbixby.com,Technology
sdkbox.com,Technology
siftscience.com,Technology
simperium.com,Technology
smadex.com,Technology
snapkit.com,Technology
socket.io,Technology
starthotspot.com,Technology
tapstream.com,Technology
taptapnetworks.com,Technology
tclclouds.com,Technology
tct-rom.com,Technology
termly.io,Technology
tg.dev,Technology
tikwm.com,Technology
toast.com,Technology
touchtype-fluency.com,Technology
trackjs.com,Technology
turner-apps.com,Technology
ubnt.com,Technology
ui.com,Technology
uisp.com,Technology
umengcloud.com,Technology
umeng.com,Technology
userway.org,Technology
ushareit.com,Technology
vercel-insights.com,Technology
videoly.co,Technology
visualwebsiteoptimizer.com,Technology
vivoglobal.com,Technology
weatherapi.com,Technology
webpkgcache.com,Technology
windows.net,Technology
x-flow.app,Technology
xiaomi.com,Technology
xtracloud.net,Technology
yadro.ru,Technology
zeasn.tv,Technology
zipoapps.com,Technology
zoom.us,Technology
dramabox.com,Television
viki.com,Television
weglot.com,Translator
abgemea.com,Travel
airarabia.com,Travel
airasia.com,Travel
booking.com,Travel
bstatic.com,Travel
cebupacificair.com,Travel
ch.com,Travel
hkexpress.com,Travel
my.id,Travel
norwegian.com,Travel
phronesisholidayclub.com,Travel
powered-by-revidy.com,Travel
salamair.com,Travel
uber.com,Travel
uralairlines.ru,Travel
wizzair.com,Travel
zipair.net,Travel
5i68sbhin.com,uncategorised
avalonsuper.com,uncategorised
gnsm.xyz,uncategorised
albeitvoiceprick.com,uncategorised
amanotes.io,uncategorised
amazon-adsystem.com,uncategorised
amdlvr.net,uncategorised
anf598.com,uncategorised
anicache.net,uncategorised
appealingyouthfulhaphazard.com,uncategorised
appx.appx,uncategorised
arleavannya.com,Malicious
asferaligatron.com,uncategorised
b152.org,uncategorised
baby-sitters.today,uncategorised
bestapptrack.xyz,uncategorised
bidensdorsale.top,uncategorised
brznetwork.com,uncategorised
bulleddiehard.top,uncategorised
cigarettenotablymaker.com,uncategorised
curtains-za-2507120.fyi,uncategorised
dramamutual.com,uncategorised
earnadd.com,uncategorised
fouanalytics.com,uncategorised
fuzzyfrog.io,uncategorised
fuzzyincline.com,uncategorised
glaikrolsoa.com,Malicious
gpvqttk.com,uncategorised
gravecheckbook.com,uncategorised
gseqfatfh.com,uncategorised
happenemerged.com,uncategorised
health-plans-za-8833922.info,uncategorised
hihonor.com,uncategorised
hilarlymckensec.info,uncategorised
kerapoxy.cc,Malicious
knucklygingely.com,Malicious
spreadsheetss.com,Malicious
123movie.rest,uncategorised
9659yy86.vip,uncategorised
abbotinexperienced.com,Malicious
abedbrings.com,uncategorised
afcdn.net,uncategorised
akutapro.com,uncategorised
capetumbledcrag.com,uncategorised
car-insurance-1577315.live,uncategorised
carsickpractice.com,uncategorised
clips4sale.com,uncategorised
colybagunja.com,uncategorised
com.hk,uncategorised
consultantvariabilitybandage.com,uncategorised
coolfactz.com,uncategorised
coolnesswagplead.com,uncategorised
crampincompetent.com,uncategorised
crashlytics.col,uncategorised
crmentjg.com,uncategorised
dailytools.online,uncategorised
daintydragged.com,uncategorised
deepthoughts.work,uncategorised
deridetapestry.com,uncategorised
diceybroom.com,uncategorised
domicilereduction.com,uncategorised
dont-waste-za.bond,uncategorised
download-extension.com,uncategorised
downloading-addon.com,uncategorised
driverboosterscan.com,uncategorised
dungeonisosculptor.com,uncategorised
dupsmird.top,uncategorised
engage-ae.com,uncategorised
etirovafotdda.com,uncategorised
extensionsdns.net,uncategorised
extinguishadjustexceed.com,uncategorised
fatenoticemayhem.com,uncategorised
findslofty.com,uncategorised
foldedprevent.com,uncategorised
fqdeonpploii.com,uncategorised
franticallyswap.com,Malicious
hopefullyfloss.com,uncategorised
hotfree123.com,uncategorised
inethilocal.net,uncategorised
jackpotcollation.com,uncategorised
joiningwon.com,uncategorised
landbot.io,uncategorised
laughingrecordinggossipy.com,uncategorised
lava.build,uncategorised
lawingpicein.top,uncategorised
lelrouxoay.com,uncategorised
lemsoodol.com,uncategorised
likenessmockery.com,uncategorised
lilyrealitycourthouse.com,uncategorised
litpluming.com,uncategorised
lubricantexaminer.com,uncategorised
maybenowhereunstable.com,uncategorised
meaningfunnyhotline.com,uncategorised
medalguardian.com,uncategorised
megadocpro.com,uncategorised
mennetwork.com,uncategorised
midstwillow.com,uncategorised
migrantfarewellmoan.com,uncategorised
misspelluptown.com,uncategorised
moodleevolver.top,uncategorised
mouseforgerycondition.com,uncategorised
mypatx.xyz,uncategorised
nativeshumbug.com,uncategorised
notanoption.xyz,uncategorised
nxtkeyboard.com,uncategorised
oimaqmeky.oimaqmeky,uncategorised
okaydisciplemeek.com,uncategorised
oupusoma.net,uncategorised
statedfertileconference.com,uncategorised
steadilyearnfailure.com,uncategorised
surpriseenterprisingfin.com,uncategorised
thursdaymolecule.com,uncategorised
toxicwap.com,Malicious
track-adsapi.com,uncategorised
transsion-os.com,uncategorised
tribblesmutted.com,uncategorised
upflameirone.top,uncategorised
usapestcontrol671119.life,uncategorised
utilizepersonalityillegible.com,uncategorised
valtersgate.com,uncategorised
vamric.cfd,uncategorised
vastiptest.com,uncategorised
vic-m.co,uncategorised
viki.net,uncategorised
vwhkfvtspvkrx.com,uncategorised
wapquick.com,Malicious
wauchguardee.com,uncategorised
weanyergravely.com,uncategorised
winzipsystemtools.com,Malicious
wmpswsevnvbb.com,uncategorised
wolf-327b.com,Malicious
wootly.ch,Malicious
woozilyfifed.top,uncategorised
workedworlds.com,uncategorised
wormishfrogmen.top,uncategorised
woulddecade.com,uncategorised
wrestcut.com,uncategorised
xiovtivaslots.com,uncategorised
xnftdata.com,uncategorised
yearnstocking.com,Malicious
yjoopn.com,Malicious
zautouchiste.com,uncategorised
zjdkvzqrlxmhcnj.com,Malicious
znaktrckr.com,Malicious
polyfill.io,Malicious
bit.ly,URL Alias/Redirect
g.co,URL Alias/Redirect
iol.io,URL Alias/Redirect
surl.li,URL Alias/Redirect
bmw.com,Vehicles
pornone.com,Video Streaming
redtube.com,Video Streaming
spankbang.com,Video Streaming
xhamster.com,Video Streaming
cambaddies.com,Video Streaming
chaturbate.com,Video Streaming
embtaku.pro,Video Streaming
fzmovies.host,Video Streaming
fzmovies.net,Video Streaming
proxies.gg,Video Streaming
slicedpickles.com,Video Streaming
xhamsterlive.com,Video Streaming
xhcdn.com,Video Streaming
xlivesex.com,Video Streaming
dailymotion.com,Video Streaming
livejasmin.com,Video Streaming
loverslab.com,Video Streaming
machotube.tv,Video Streaming
magsrv.com,Video Streaming
netnaija.ng,Video Streaming
netnaija.uk,Video Streaming
netnaija.xyz,Video Streaming
o2tvseries2.com,Video Streaming
o2tvseries.com,Video Streaming
pornhub.com,Video Streaming
rule34video.com,Video Streaming
selectcast.io,Video Streaming
sflix.to,Video Streaming
stripchat.com,Video Streaming
stripchatgirls.com,Video Streaming
stripchat.global,Video Streaming
stripchat.ooo,Video Streaming
stripchat.webcam,Video Streaming
superchat.live,Video Streaming
superchatlive.com,Video Streaming
superfasti.co,Video Streaming
thegay.com,Video Streaming
ttvnw.net,Video Streaming
vidcloud9.org,Video Streaming
vimeo.com,Video Streaming
watchsomuch.com,Video Streaming
xhlive.cam,Video Streaming
xh.video,Video Streaming
xvideos-cdn.com,Video Streaming
xvideos.com,Video Streaming
xvideos.red,Video Streaming
youtu.be,Video Streaming
youtube.com,Video Streaming
youtube-nocookie.com,Video Streaming
zuimeitianqi.com,Weather
gmail.com,Webmail
mail.ru,Webmail
outlook.com,Webmail
