domain,timestamp
amunfezanttor.com,1712323748.580440
amunfezanttor.com,1712323750.133962
amunfezanttor.com,1712323752.763104
amunfezanttor.com,1712595551.465879
amunfezanttor.com,1712595551.465610
arvigorothan.com,1712207765.117837
arvigorothan.com,1712207765.261122
arvigorothan.com,1712207845.531186
arvigorothan.com,1712208196.927760
arvigorothan.com,1712212549.128705
arvigorothan.com,1712212553.167917
arvigorothan.com,1712212566.808723
arvigorothan.com,1712212570.991560
arvigorothan.com,1712212992.207140
arvigorothan.com,1712215599.615555
arvigorothan.com,1712215654.052965
arvigorothan.com,1712292460.521637
arvigorothan.com,1712292460.636892
arvigorothan.com,1712292466.860239
arvigorothan.com,1712403198.012849
arvigorothan.com,1712403276.950233
arvigorothan.com,1712403325.545075
arvigorothan.com,1712403277.002674
arvigorothan.com,1712475794.683272
arvigorothan.com,1712475835.919629
arvigorothan.com,1712475835.890588
arvigorothan.com,1712475909.314106
arvigorothan.com,1712478771.155240
arvigorothan.com,1712478872.707481
arvigorothan.com,1712478935.897699
arvigorothan.com,1712478872.603130
arvigorothan.com,1712478935.663289
arvigorothan.com,1712479297.358653
arvigorothan.com,1712479297.507788
arvigorothan.com,1712479313.844479
arvigorothan.com,1712479313.743710
arvigorothan.com,1712479384.028606
arvigorothan.com,1712480242.865373
arvigorothan.com,1713045191.995590
arvigorothan.com,1713045191.932065
arvigorothan.com,1713087351.080408
arvigorothan.com,1713087351.050292
arvigorothan.com,1713114931.115593
arvigorothan.com,1713114931.209724
arvigorothan.com,1713114930.002001
barscreative1.com,1712403288.618052
barscreative1.com,1712403290.450801
barscreative1.com,1712403332.329479
barscreative1.com,1712403334.341630
barscreative1.com,1712403751.077990
barscreative1.com,1712414762.792531
barscreative1.com,1712475367.788963
barscreative1.com,1712475367.949382
barscreative1.com,1712475801.641665
barscreative1.com,1712475802.993226
barscreative1.com,1712475915.389923
barscreative1.com,1712475915.206246
barscreative1.com,1712476415.900369
barscreative1.com,1712478989.393855
barscreative1.com,1712479318.840319
barscreative1.com,1712479319.702529
barscreative1.com,1712595634.059815
barscreative1.com,1712595634.316014
barscreative1.com,1712600712.509971
celebnewsuggestions.com,1712391204.455003
celebnewsuggestions.com,1712391204.601170
idmcrackeys.com,1712347724.213585
imghst-de.com,1712007297.147566
imghst-de.com,1712007297.665705
rmhfrtnd.com,1712571861.677648
rmhfrtnd.com,1712571861.472864
rmhfrtnd.com,1712571938.015918
rmhfrtnd.com,1712571937.376941
rmhfrtnd.com,1713071879.152132
rmhfrtnd.com,1713071879.125002
rmhfrtnd.com,1713072002.900214
rmhfrtnd.com,1713073272.684849
rmhfrtnd.com,1713073272.655749
rmhfrtnd.com,1713073272.947153
sctclick2.com,1711931972.105639
sctclick2.com,1711931972.364864
aesopicmalchus.com,1712501282.748764
aesopicmalchus.com,1712685905.407936
aesopicmalchus.com,1713087338.679599
beckfaster.com,1713112585.628605
beckfaster.com,1713112606.131460
beckfaster.com,1713112606.128739
bidlab.ai,1712165069.414354
bidlab.ai,1712165069.631272
bidlab.ai,1713071378.999965
bidlab.ai,1713071380.006755
bladessweepunprofessional.com,1712344875.351135
bladessweepunprofessional.com,1712344876.014748
bladessweepunprofessional.com,1712344875.897012
bladessweepunprofessional.com,1712347085.848077
bladessweepunprofessional.com,1712347086.554143
bladessweepunprofessional.com,1712347122.851654
bladessweepunprofessional.com,1712476252.122373
bladessweepunprofessional.com,1712476252.559081
bladessweepunprofessional.com,1712600711.640316
chryfilets.top,1712585435.172182
chryfilets.top,1712585435.185447
cleanpromaster.online,1712475852.099948
cleanpromaster.online,1712475852.444367
cypresslocum.com,1712347122.570384
cypresslocum.com,1712347124.158831
cypresslocum.com,1712347124.156192
cypresslocum.com,1712477341.215152
cypresslocum.com,1712595565.946199
cypresslocum.com,1712595565.952941
cypresslocum.com,1712595566.507241
grandpashortestmislead.com,1712600711.040249
gravyponder.com,1712344791.005109
gravyponder.com,1712344790.775897
gravyponder.com,1712344790.770093
gravyponder.com,1712344791.502509
gservicev1.com,1712289765.553943
gservicev1.com,1712310519.694488
gservicev1.com,1712312871.227088
gservicev1.com,1712312872.495078
gservicev1.com,1713018978.008689
gservicev1.com,1713019123.870202
gservicev1.com,1713071320.545518
capaciousdrewreligion.com,1712347097.013299
capaciousdrewreligion.com,1712347096.944869
capaciousdrewreligion.com,1712403426.084761
capaciousdrewreligion.com,1712403427.178546
capaciousdrewreligion.com,1712403737.019009
capaciousdrewreligion.com,1712403736.980836
capaciousdrewreligion.com,1712406393.174107
capaciousdrewreligion.com,1712406510.586880
capaciousdrewreligion.com,1712406510.586429
capaciousdrewreligion.com,1712406379.669982
capaciousdrewreligion.com,1712414675.704242
capaciousdrewreligion.com,1712414675.885129
capaciousdrewreligion.com,1712414978.915990
capaciousdrewreligion.com,1712472497.763598
capaciousdrewreligion.com,1712472497.764470
capaciousdrewreligion.com,1712472809.357582
capaciousdrewreligion.com,1712475363.919353
capaciousdrewreligion.com,1712475364.414311
capaciousdrewreligion.com,1712476006.675045
capaciousdrewreligion.com,1712476002.997410
capaciousdrewreligion.com,1712476252.129402
capaciousdrewreligion.com,1712476252.125262
capaciousdrewreligion.com,1712476702.778156
capaciousdrewreligion.com,1712476702.828953
capaciousdrewreligion.com,1712476769.655012
capaciousdrewreligion.com,1712476770.144036
capaciousdrewreligion.com,1712477061.713365
capaciousdrewreligion.com,1712477060.268643
capaciousdrewreligion.com,1712477341.455839
capaciousdrewreligion.com,1712478244.760582
capaciousdrewreligion.com,1712478244.789333
capaciousdrewreligion.com,1712479052.889498
capaciousdrewreligion.com,1712479053.315424
capaciousdrewreligion.com,1712479160.820405
capaciousdrewreligion.com,1712479161.134007
capaciousdrewreligion.com,1712479411.371081
capaciousdrewreligion.com,1712479415.532903
capaciousdrewreligion.com,1712479487.360221
capaciousdrewreligion.com,1712479702.602946
capaciousdrewreligion.com,1712480391.054640
capaciousdrewreligion.com,1712480390.669252
capaciousdrewreligion.com,1712480454.787045
capaciousdrewreligion.com,1712480529.043199
capaciousdrewreligion.com,1712480531.484665
capaciousdrewreligion.com,1712480627.419535
capaciousdrewreligion.com,1712595562.084986
capaciousdrewreligion.com,1712600683.150806
capaciousdrewreligion.com,1712600683.896635
capaciousdrewreligion.com,1713112655.122111
capaciousdrewreligion.com,1713112947.165477
capaciousdrewreligion.com,1713112947.292013
capaciousdrewreligion.com,1713112995.558338
capaciousdrewreligion.com,1713112995.868937
capaciousdrewreligion.com,1713113039.912458
capaciousdrewreligion.com,1713113039.976167
capaciousdrewreligion.com,1713113786.494621
capaciousdrewreligion.com,1713113786.644873
capaciousdrewreligion.com,1713114599.019723
capaciousdrewreligion.com,1713114599.746556
capaciousdrewreligion.com,1713114966.242702
downstairsnegotiatebarren.com,1712344794.563253
downstairsnegotiatebarren.com,1712344794.532305
downstairsnegotiatebarren.com,1712347088.991604
downstairsnegotiatebarren.com,1712347089.307129
downstairsnegotiatebarren.com,1712347088.583640
downstairsnegotiatebarren.com,1712403197.900216
downstairsnegotiatebarren.com,1712403325.544734
downstairsnegotiatebarren.com,1712403729.255233
downstairsnegotiatebarren.com,1712403729.108238
downstairsnegotiatebarren.com,1712414657.944958
downstairsnegotiatebarren.com,1712414657.951498
downstairsnegotiatebarren.com,1712414655.850597
downstairsnegotiatebarren.com,1712472489.660046
downstairsnegotiatebarren.com,1712472489.866951
downstairsnegotiatebarren.com,1712472488.625671
downstairsnegotiatebarren.com,1712475794.686893
downstairsnegotiatebarren.com,1712478243.317493
downstairsnegotiatebarren.com,1712478257.169331
downstairsnegotiatebarren.com,1712478935.931510
downstairsnegotiatebarren.com,1712478935.703676
downstairsnegotiatebarren.com,1712479052.118941
downstairsnegotiatebarren.com,1712479052.395045
downstairsnegotiatebarren.com,1712479051.600355
downstairsnegotiatebarren.com,1712479297.358497
downstairsnegotiatebarren.com,1712480242.865107
downstairsnegotiatebarren.com,1712595543.508944
downstairsnegotiatebarren.com,1712595543.334689
downstairsnegotiatebarren.com,1712600679.075671
downstairsnegotiatebarren.com,1712600678.888087
downstairsnegotiatebarren.com,1713112588.916753
downstairsnegotiatebarren.com,1713112588.744796
downstairsnegotiatebarren.com,1713112924.973370
downstairsnegotiatebarren.com,1713112941.898205
downstairsnegotiatebarren.com,1713112943.272862
downstairsnegotiatebarren.com,1713112941.685678
downstairsnegotiatebarren.com,1713113786.029555
downstairsnegotiatebarren.com,1713113785.679728
driedanswerprotestant.com,1712403734.050553
driedanswerprotestant.com,1712403733.632420
driedanswerprotestant.com,1712403733.632296
driedanswerprotestant.com,1712403748.927875
driedanswerprotestant.com,1712403765.953710
driedanswerprotestant.com,1712414983.267488
driedanswerprotestant.com,1712415000.208469
driedanswerprotestant.com,1712415000.847465
driedanswerprotestant.com,1712415083.307557
driedanswerprotestant.com,1712415083.335681
driedanswerprotestant.com,1712476702.779092
driedanswerprotestant.com,1712476702.833667
everestop.io,1711995728.581850
everestop.io,1711995730.945369
everestop.io,1711995730.929810
everestop.io,1711995742.367436
everestop.io,1711995742.338301
everestop.io,1711995748.031959
everestop.io,1711996107.952408
everestop.io,1711996107.953053
everestop.io,1711996233.026891
everestop.io,1711996233.044239
everestop.io,1711996246.540111
everestop.io,1711996246.540183
everestop.io,1711996251.929559
everestop.io,1711996251.929726
everestop.io,1711996258.655287
everestop.io,1711996258.655203
everestop.io,1711996268.582572
everestop.io,1711996268.582642
everestop.io,1711996273.578853
everestop.io,1711996273.579011
everestop.io,1711996278.560088
everestop.io,1711996284.220284
everestop.io,1711996284.220416
everestop.io,1711996288.659017
everestop.io,1711996312.761551
everestop.io,1711996312.742323
everestop.io,1711996321.490502
everestop.io,1711996321.490586
everestop.io,1711996329.994157
everestop.io,1711996329.995362
everestop.io,1711996335.022853
everestop.io,1711996335.022521
everestop.io,1711996339.993208
everestop.io,1711996348.251986
everestop.io,1711996348.234936
everestop.io,1711996362.923824
everestop.io,1711996362.964972
everestop.io,1711996368.039088
everestop.io,1711996368.039143
everestop.io,1711996376.092451
everestop.io,1711996376.092257
everestop.io,1711996381.207956
everestop.io,1711996386.211388
everestop.io,1711996386.211446
everestop.io,1711996391.210276
everestop.io,1711996391.210350
everestop.io,1711996398.691149
everestop.io,1711996398.691025
everestop.io,1711996410.019440
everestop.io,1711996410.019527
everestop.io,1711996414.989485
everestop.io,1711996415.002061
everestop.io,1711996420.012041
everestop.io,1711996420.012154
everestop.io,1711996427.097174
everestop.io,1711996427.097235
everestop.io,1711996434.520270
everestop.io,1711996443.039682
everestop.io,1711996443.039857
everestop.io,1711996448.079620
everestop.io,1711996448.079681
everestop.io,1711996457.831806
everestop.io,1711996457.831793
everestop.io,1711996474.496404
everestop.io,1711996474.496496
everestop.io,1711996485.183019
everestop.io,1711996485.120092
everestop.io,1711996490.150368
everestop.io,1711996495.138836
everestop.io,1711996495.144679
everestop.io,1711996500.402811
everestop.io,1711996500.353082
everestop.io,1711996505.377767
everestop.io,1711996511.153038
everestop.io,1711996511.179899
everestop.io,1711996519.542198
everestop.io,1711996519.542017
everestop.io,1711996531.685692
everestop.io,1711996531.694362
everestop.io,1711996536.736416
everestop.io,1711996536.813431
everestop.io,1711996541.781721
everestop.io,1711996550.871919
everestop.io,1711996550.872049
everestop.io,1711996555.977322
everestop.io,1711996562.636931
everestop.io,1711996563.658904
everestop.io,1711996567.735093
everestop.io,1711996579.256539
everestop.io,1711996579.308259
everestop.io,1711996584.316810
everestop.io,1711996584.316727
everestop.io,1711996595.451619
everestop.io,1711996595.516368
everestop.io,1711996607.903940
everestop.io,1711996607.912795
everestop.io,1711996616.450548
everestop.io,1711996616.484618
everestop.io,1711996621.041765
everestop.io,1711996628.719733
everestop.io,1711996628.720112
everestop.io,1711996633.833857
everestop.io,1711996634.811270
everestop.io,1711996638.878151
everestop.io,1711996638.892001
everestop.io,1711996648.418352
everestop.io,1711996648.425671
everestop.io,1711996653.287890
everestop.io,1711996653.287826
everestop.io,1711996660.818767
everestop.io,1711996660.818585
everestop.io,1711996670.818657
everestop.io,1711996670.840838
everestop.io,1711996676.972615
everestop.io,1711996676.972846
everestop.io,1711996685.121219
everestop.io,1711996685.111942
everestop.io,1711996690.168224
everestop.io,1711996698.928108
everestop.io,1711996698.928044
everestop.io,1711996711.839157
everestop.io,1711996711.834581
everestop.io,1711996716.761921
everestop.io,1711996716.761862
everestop.io,1711996721.808012
everestop.io,1711996721.850964
everestop.io,1711996727.209478
everestop.io,1711996727.209677
everestop.io,1711996737.190425
everestop.io,1711996737.211246
everestop.io,1711996746.616160
everestop.io,1711996757.874407
everestop.io,1711996757.815814
everestop.io,1711996762.855091
everestop.io,1711996767.877682
everestop.io,1711996767.897805
everestop.io,1711996772.828398
everestop.io,1711996772.828620
everestop.io,1711996781.375343
everestop.io,1711996781.277335
everestop.io,1711996786.291643
everestop.io,1711996799.483851
everestop.io,1711996799.483857
everestop.io,1711996813.482008
everestop.io,1711996813.482124
everestop.io,1711996818.456839
everestop.io,1711996823.446739
everestop.io,1711996823.446574
everestop.io,1711996830.474288
everestop.io,1711996835.476896
everestop.io,1711996835.532502
everestop.io,1711996840.491316
everestop.io,1711996847.446892
everestop.io,1711996847.507105
everestop.io,1711996852.461569
everestop.io,1711996857.439732
everestop.io,1711996857.492304
everestop.io,1711996865.229145
everestop.io,1711996865.229271
everestop.io,1711996870.193335
everestop.io,1711996870.202289
everestop.io,1711996875.248561
everestop.io,1711996882.468056
everestop.io,1711996882.467986
everestop.io,1711996892.482575
everestop.io,1711996892.496559
everestop.io,1711996901.078822
everestop.io,1711996901.078947
everestop.io,1711996906.746970
everestop.io,1711996918.591004
everestop.io,1711996918.591066
everestop.io,1711996922.651675
everestop.io,1711996927.628439
everestop.io,1711996927.659704
everestop.io,1711996938.797447
everestop.io,1711996938.797388
everestop.io,1711996943.778004
everestop.io,1711996948.771054
everestop.io,1711996948.771166
everestop.io,1711996956.666980
everestop.io,1711996956.666914
everestop.io,1711996961.656895
everestop.io,1711996961.663936
everestop.io,1711996966.652811
everestop.io,1711996971.708558
everestop.io,1711996971.708952
everestop.io,1711996978.569573
everestop.io,1711996983.566026
everestop.io,1711996983.573842
everestop.io,1711996991.775256
everestop.io,1711996991.789253
everestop.io,1711997001.731820
everestop.io,1711997001.713619
everestop.io,1711997006.756040
everestop.io,1711997006.821874
everestop.io,1711997011.766637
everestop.io,1711997011.766872
everestop.io,1711997056.404107
everestop.io,1711997056.408781
everestop.io,1711997070.229199
everestop.io,1711997070.248464
everestop.io,1711997075.246098
everestop.io,1711997082.627798
everestop.io,1711997082.629370
everestop.io,1711997087.837798
everestop.io,1711997087.837815
everestop.io,1711997092.671718
everestop.io,1711997092.668402
everestop.io,1711997097.634654
everestop.io,1711997097.667278
everestop.io,1711997104.735903
everestop.io,1711997104.748070
everestop.io,1711997109.703784
everestop.io,1711997114.749420
everestop.io,1711997114.749613
everestop.io,1711997122.503364
everestop.io,1711997122.503209
everestop.io,1711997130.018311
everestop.io,1711997130.018090
everestop.io,1711997135.511101
everestop.io,1711997135.510881
everestop.io,1711997145.166053
everestop.io,1711997145.172984
everestop.io,1711997154.038846
everestop.io,1711997154.047422
everestop.io,1712004443.758743
everestop.io,1712004443.732784
exactsag.com,1712673510.876960
exactsag.com,1712673528.775887
pogothere.xyz,1713112589.811429
pogothere.xyz,1713112589.811431
pogothere.xyz,1713112591.410641
proftrafficcounter.com,1711932010.420527
proftrafficcounter.com,1711932010.543505
proftrafficcounter.com,1712344786.699937
proftrafficcounter.com,1712347088.252887
proftrafficcounter.com,1712347089.219949
proftrafficcounter.com,1712347088.567624
proftrafficcounter.com,1712379796.106567
proftrafficcounter.com,1712391161.118980
proftrafficcounter.com,1712472489.855646
proftrafficcounter.com,1712472490.765015
proftrafficcounter.com,1712472807.117196
proftrafficcounter.com,1712478936.279495
proftrafficcounter.com,1712478938.320259
proftrafficcounter.com,1712479052.208657
proftrafficcounter.com,1712479052.505746
proftrafficcounter.com,1713011461.747958
proftrafficcounter.com,1713112589.245805
proftrafficcounter.com,1713112589.542399
proftrafficcounter.com,1713112589.979302
proftrafficcounter.com,1713112942.247377
proftrafficcounter.com,1713112942.247766
proftrafficcounter.com,1713113053.614637
trknex.com,1712347099.904126
trknex.com,1712403554.071961
trknex.com,1712472505.651930
trknex.com,1712472829.086026
trknex.com,1712475380.033232
trknex.com,1712477080.929220
trknex.com,1712481279.827458
trknex.com,1712595810.376315
trknex.com,1712595810.376327
trknex.com,1712595814.412539
trknex.com,1712600730.188957
trknex.com,1712951087.727482
trknex.com,1713093623.346624
unseenreport.com,1712347103.432870
unseenreport.com,1712347103.430696
unseenreport.com,1712403431.531061
unseenreport.com,1712403464.224127
unseenreport.com,1712403526.492194
unseenreport.com,1712403526.493476
unseenreport.com,1712403561.336760
unseenreport.com,1712403761.967798
unseenreport.com,1712403761.972583
unseenreport.com,1712403762.162631
unseenreport.com,1712414745.412947
unseenreport.com,1712414745.562230
unseenreport.com,1712414786.910232
unseenreport.com,1712476038.029079
unseenreport.com,1712476053.042166
unseenreport.com,1712476058.550819
unseenreport.com,1712476258.386133
unseenreport.com,1712476258.385050
unseenreport.com,1712476707.593822
unseenreport.com,1712476772.752163
unseenreport.com,1712476772.986972
unseenreport.com,1712476867.023981
unseenreport.com,1712476912.460242
unseenreport.com,1712476920.138405
unseenreport.com,1712478781.229730
unseenreport.com,1712478781.219503
unseenreport.com,1712478952.278002
unseenreport.com,1712478954.167797
unseenreport.com,1712479009.551644
unseenreport.com,1712479009.731908
unseenreport.com,1712479058.520795
unseenreport.com,1712479058.623828
unseenreport.com,1712479087.101514
unseenreport.com,1712479087.201426
unseenreport.com,1712479162.813588
unseenreport.com,1712479163.085024
unseenreport.com,1712479248.107909
unseenreport.com,1712479248.211702
unseenreport.com,1712479357.232165
unseenreport.com,1712479391.800399
unseenreport.com,1712479393.987583
unseenreport.com,1712479416.057256
unseenreport.com,1712479416.527689
unseenreport.com,1712479489.680313
unseenreport.com,1712479489.853577
unseenreport.com,1712479715.904799
unseenreport.com,1712479715.905883
unseenreport.com,1712480278.619435
unseenreport.com,1712480345.825744
unseenreport.com,1712480350.535616
unseenreport.com,1712480457.054391
unseenreport.com,1712480457.828548
unseenreport.com,1712480629.419190
unseenreport.com,1712480682.320877
unseenreport.com,1712480682.566485
unseenreport.com,1712595574.449230
unseenreport.com,1713112659.275302
unseenreport.com,1713112659.282883
unseenreport.com,1713112955.824559
unseenreport.com,1713112957.361530
unseenreport.com,1713113020.689997
unseenreport.com,1713113024.547889
unseenreport.com,1713113789.677536
unseenreport.com,1713113789.925834
unseenreport.com,1713114968.141309
unseenreport.com,1713114968.581401
usefulcontentsites.com,1712391191.898951
yonmewon.com,1712092043.481164
yonmewon.com,1712292462.782292
yonmewon.com,1712323052.925400
yonmewon.com,1712323370.045210
yonmewon.com,1712344788.176977
yonmewon.com,1712344816.349939
yonmewon.com,1712344834.921776
yonmewon.com,1712347085.008295
yonmewon.com,1712347211.266266
yonmewon.com,1712403210.935507
yonmewon.com,1712403233.522808
yonmewon.com,1712403281.507738
yonmewon.com,1712403345.299844
yonmewon.com,1712414638.100229
yonmewon.com,1712414711.215377
yonmewon.com,1712414829.884032
yonmewon.com,1712414871.626053
yonmewon.com,1712414956.799213
yonmewon.com,1712414863.359953
yonmewon.com,1712415390.095664
yonmewon.com,1712415959.304670
yonmewon.com,1712475799.106202
yonmewon.com,1712475845.951975
yonmewon.com,1712475915.636728
yonmewon.com,1712478776.102560
yonmewon.com,1712478794.385859
yonmewon.com,1712478873.834021
yonmewon.com,1712478880.025869
yonmewon.com,1712478946.745177
yonmewon.com,1712478963.490711
yonmewon.com,1712479008.435701
yonmewon.com,1712479082.126800
yonmewon.com,1712479317.713354
yonmewon.com,1712479328.422766
yonmewon.com,1712479356.909225
yonmewon.com,1712479370.733916
yonmewon.com,1712479387.818111
yonmewon.com,1712480268.930174
yonmewon.com,1712480557.786919
yonmewon.com,1712501286.437052
yonmewon.com,1712595545.463767
yonmewon.com,1712595551.457296
yonmewon.com,1712595629.577764
yonmewon.com,1712595814.412391
yonmewon.com,1712600694.228062
yonmewon.com,1712673326.346893
yonmewon.com,1712674260.583520
yonmewon.com,1712915030.806827
yonmewon.com,1713009306.651261
yonmewon.com,1713045193.023652
yonmewon.com,1713087344.156510
yonmewon.com,1713087352.124305
